,gameID,teamID,total_rush,total_pass,total_punt,total_ko,total_pat,total plays,,,,,,,
0,CU1028,GT,40,57,8,7,2,114,,,,gt rush,gt pass,total O play,total plays
1,CU1028,CU,37,27,7,5,4,80,,,,12478,5732,18210,21660
2,GT0902,UCF,26,31,9,4,2,72,,,,0.576084949,0.264635272,,
3,GT0902,GT,44,41,9,4,3,101,,,,,,,
4,GT0909,FS,34,40,5,5,3,87,,,,,,,
5,GT0909,GT,34,37,7,5,1,84,,,,,,,
6,GT0916,NA,52,40,4,4,1,101,,,,,,,
7,GT0916,GT,40,19,4,8,5,76,,,,,,,
8,GT1014,WF,39,43,3,4,2,91,,,,,,,
9,GT1014,GT,47,24,3,9,7,90,,,,,,,
10,GT1021,DU,46,43,6,3,1,99,,,,,,,
11,GT1021,GT,35,21,4,8,6,74,,,,,,,
12,GT1109,VA,29,30,6,1,0,66,,,,,,,
13,GT1109,GT,57,37,0,6,5,105,,,,,,,
14,GT1125,GT,34,35,6,6,3,84,,,,,,,
15,GT1125,UGA,18,63,4,4,0,89,,,,,,,
16,MD1118,GT,53,30,2,6,5,96,,,,,,,
17,MD1118,MD,22,46,5,3,2,78,,,,,,,
18,NC0930,GT,40,30,4,7,6,87,,,,,,,
19,NC0930,NC,37,31,5,5,4,82,,,,,,,
20,ST0921,GT,42,43,3,6,2,96,,,,,,,
21,ST0921,ST,31,36,4,5,4,80,,,,,,,
22,DU1006,GT,48,40,1,8,4,101,,,,,,,
23,DU1006,DU,37,29,9,3,1,79,,,,,,,
24,FS1201,GT,29,39,7,4,2,81,,,,,,,
25,FS1201,FS,46,25,7,5,4,87,,,,,,,
26,GT0826,SYRACUSE,26,32,7,2,1,68,,,,,,,
27,GT0826,GT,46,26,5,4,1,82,,,,,,,
28,GT0901,CIT,34,26,10,2,1,73,,,,,,,
29,GT0901,GT,36,34,3,6,5,84,,,,,,,
30,GT0908,GT,54,19,2,11,10,96,,,,,,,
31,GT0908,NAVY,40,26,6,2,1,75,,,,,,,
32,GT0929,CU,52,32,4,6,5,99,,,,,,,
33,GT0929,GT,45,27,2,9,2,85,,,,,,,
34,GT1011,MD,34,41,7,3,2,87,,,,,,,
35,GT1011,GT,39,45,5,4,2,95,,,,,,,
36,GT1020,ST,26,32,4,4,2,68,,,,,,,
37,GT1020,GT,43,39,2,5,3,92,,,,,,,
38,GT1101,NC,17,37,6,4,3,67,,,,,,,
39,GT1101,GT,52,27,2,6,2,89,,,,,,,
40,GT1124,GA,52,25,2,9,1,89,,,,,,,
41,GT1124,GT,28,35,5,4,2,74,,,,,,,
42,VA1110,GT,33,55,4,8,2,102,,,,,,,
43,VA1110,VA,25,46,4,7,3,85,,,,,,,
44,WF111701,GT,47,27,5,8,5,92,,,,,,,
45,WF111701,WF,43,39,7,6,4,99,,,,,,,
46,CU0914,GT,32,31,9,4,1,77,,,,,,,
47,CU0914,CU,41,31,5,5,3,85,,,,,,,
48,GT0831,VU,31,28,8,2,0,69,,,,,,,
49,GT0831,GT,51,24,5,8,6,94,,,,,,,
50,GT0907,GT,43,21,4,6,4,78,,,,,,,
51,GT0907,UC,34,32,7,3,2,78,,,,,,,
52,GT0921,BYU,27,57,4,5,1,94,,,,,,,
53,GT0921,GT,50,26,8,5,4,93,,,,,,,
54,GT1005,WF,60,32,4,6,1,103,,,,,,,
55,GT1005,GT,21,30,5,4,3,63,,,,,,,
56,GT1026,VA,20,59,5,3,1,88,,,,,,,
57,GT1026,GT,44,42,6,5,2,99,,,,,,,
58,GT1109,FS,33,24,10,4,3,74,,,,,,,
59,GT1109,GT,42,45,7,4,1,99,,,,,,,
60,GT1116,DU,36,34,10,1,0,81,,,,,,,
61,GT1116,GT,42,30,7,5,2,86,,,,,,,
62,GT1130,GT,22,36,6,2,1,67,,,,,,,
63,GT1130,GA,57,25,3,10,6,101,,,,,,,
64,GT2002,GT,31,27,5,4,3,70,,,,,,,
65,GT2002,FRESNO,55,31,7,7,3,103,,,,,,,
66,MD1017,GT,31,53,4,3,1,92,,,,,,,
67,MD1017,MD,43,21,4,7,4,79,,,,,,,
68,NC0928,GT,49,33,2,4,3,91,,,,,,,
69,NC0928,NC,27,25,4,4,1,61,,,,,,,
70,ST1102,GT,42,37,6,5,1,91,,,,,,,
71,ST1102,ST,22,41,5,4,2,74,,,,,,,
72,DU1108,GT,30,47,5,4,2,88,,,,,,,
73,DU1108,DU,48,15,4,8,5,80,,,,,,,
74,FS0913,GT,39,25,5,4,1,74,,,,,,,
75,FS0913,FS,32,30,5,3,2,72,,,,,,,
76,GT0103,GT,54,13,5,9,7,88,,,,,,,
77,GT0103,TUL,26,27,7,3,1,64,,,,,,,
78,GT0828,GT,23,24,3,4,1,55,,,,,,,
79,GT0828,BYU,32,47,3,5,3,90,,,,,,,
80,GT0906,AU,38,33,8,2,0,81,,,,,,,
81,GT0906,GT,39,21,7,4,2,73,,,,,,,
82,GT0920,CU,30,39,6,7,5,87,,,,,,,
83,GT0920,GT,33,42,7,3,0,85,,,,,,,
84,GT0927,GT,39,22,7,4,3,75,,,,,,,
85,GT0927,VU,46,27,9,3,2,87,,,,,,,
86,GT1004,ST,19,47,5,5,1,77,,,,,,,
87,GT1004,GT,41,38,4,7,3,93,,,,,,,
88,GT1023,MD,35,33,5,2,0,75,,,,,,,
89,GT1023,GT,41,28,9,2,1,81,,,,,,,
90,GT1115,NC,31,40,3,5,3,82,,,,,,,
91,GT1115,GT,50,27,2,8,5,92,,,,,,,
92,GT1129,GA,38,22,5,7,4,76,,,,,,,
93,GT1129,GT,41,38,3,4,2,88,,,,,,,
94,VA1122,GT,32,30,5,4,2,73,,,,,,,
95,VA1122,VA,38,37,4,8,2,89,,,,,,,
96,WF1011,GT,47,24,6,5,3,85,,,,,,,
97,WF1011,WF,32,28,7,2,1,70,,,,,,,
98,CU0911,GT,48,36,10,4,4,102,,,,,,,
99,CU0911,CU,31,43,7,5,3,89,,,,,,,
100,GT0904,SAM,16,44,7,2,1,70,,,,,,,
101,GT0904,GT,45,22,4,5,4,80,,,,,,,
102,GT1002,UM,38,26,6,6,3,79,,,,,,,
103,GT1002,GT,37,26,8,2,0,73,,,,,,,
104,GT1016,DU,40,23,9,2,1,75,,,,,,,
105,GT1016,GT,38,21,5,5,3,72,,,,,,,
106,GT1028,VT,33,31,6,6,3,79,,,,,,,
107,GT1028,GT,40,29,6,6,2,83,,,,,,,
108,GT1113,UCONN,24,49,8,2,1,84,,,,,,,
109,GT1113,GT,37,38,5,7,3,90,,,,,,,
110,GT1120,VA,41,28,7,7,3,86,,,,,,,
111,GT1120,GT,34,33,6,3,1,77,,,,,,,
112,GT1127,GT,35,42,6,4,1,88,,,,,,,
113,GT1127,UGA,33,28,7,5,2,75,,,,,,,
114,GT1221,SYRACUSE,31,39,7,4,1,82,,,,,,,
115,GT1221,GT,53,20,2,8,7,90,,,,,,,
116,MD1009,GT,43,22,8,5,2,80,,,,,,,
117,MD1009,MD,38,23,9,2,1,73,,,,,,,
118,NC0918,GT,43,29,5,4,1,82,,,,,,,
119,NC0918,NC,47,23,5,5,4,84,,,,,,,
120,ST1106,GT,33,28,8,5,3,77,,,,,,,
121,ST1106,ST,33,38,7,3,2,83,,,,,,,
122,DU1015,GT,49,27,6,6,5,93,,,,,,,
123,DU1015,DU,42,30,9,3,1,85,,,,,,,
124,GT0903,GT,39,36,5,6,2,88,,,,,,,
125,GT0903,AU,23,44,4,3,2,76,,,,,,,
126,GT0910,NC,26,39,8,4,3,80,,,,,,,
127,GT0910,GT,33,48,7,6,3,97,,,,,,,
128,GT0917,UCONN,33,25,9,4,1,72,,,,,,,
129,GT0917,GT,54,30,7,5,4,100,,,,,,,
130,GT1006,ST,31,25,7,4,2,69,,,,,,,
131,GT1006,GT,38,53,7,3,2,103,,,,,,,
132,GT1029,CU,35,30,3,4,0,72,,,,,,,
133,GT1029,GT,39,23,7,2,1,72,,,,,,,
134,GT1105,WF,35,33,5,4,2,79,,,,,,,
135,GT1105,GT,42,27,6,7,3,85,,,,,,,
136,GT1126,UGA,30,34,10,3,2,79,,,,,,,
137,GT1126,GT,37,35,9,2,1,84,,,,,,,
138,GT1229,GT,37,38,8,3,1,87,,,,,,,
139,GT1229,UU,35,42,5,7,4,93,,,,,,,
140,UM1119,GT,44,30,9,3,2,88,,,,,,,
141,UM1119,UM,30,31,10,3,1,75,,,,,,,
142,VA1112,GT,27,39,5,4,2,77,,,,,,,
143,VA1112,VA,45,29,3,6,3,86,,,,,,,
144,VT0924,GT,25,32,11,2,1,71,,,,,,,
145,VT0924,VT,44,22,6,10,6,88,,,,,,,
146,ACC1202,WF,43,25,7,4,0,79,,,,,,,
147,ACC1202,GT,38,29,5,3,0,75,,,,,,,
148,CU1021,GT,37,25,7,2,1,72,,,,,,,
149,CU1021,CU,38,16,5,6,4,69,,,,,,,
150,GT0101,WVU,45,15,5,7,5,77,,,,,,,
151,GT0101,GT,32,29,4,5,5,75,,,,,,,
152,GT0902,UND,40,38,5,3,2,88,,,,,,,
153,GT0902,GT,28,24,7,3,1,63,,,,,,,
154,GT0909,SAM,15,45,9,3,0,72,,,,,,,
155,GT0909,GT,36,32,5,7,5,85,,,,,,,
156,GT0916,TROY,38,33,7,4,3,85,,,,,,,
157,GT0916,GT,41,32,5,6,5,89,,,,,,,
158,GT0921,VA,23,31,8,2,1,65,,,,,,,
159,GT0921,GT,38,21,8,5,3,75,,,,,,,
160,GT1007,MD,35,24,3,6,2,70,,,,,,,
161,GT1007,GT,43,26,2,5,3,79,,,,,,,
162,GT1028,UM,34,31,4,6,2,77,,,,,,,
163,GT1028,GT,33,28,6,7,3,77,,,,,,,
164,GT1118,DU,26,33,6,4,3,72,,,,,,,
165,GT1118,GT,42,25,5,8,7,87,,,,,,,
166,GT1125,GT,35,22,5,4,0,66,,,,,,,
167,GT1125,UGA,37,29,6,3,1,76,,,,,,,
168,NC1111,GT,44,24,7,2,1,78,,,,,,,
169,NC1111,NC,23,34,8,1,0,66,,,,,,,
170,ST1104,GT,43,35,8,6,4,96,,,,,,,
171,ST1104,ST,21,53,7,6,2,89,,,,,,,
172,VT0930,GT,36,17,5,7,5,70,,,,,,,
173,VT0930,VT,27,54,5,6,3,95,,,,,,,
174,DUGT1110,GT,52,25,7,8,5,97,,,,,,,
175,DUGT1110,DU,28,29,12,5,3,77,,,,,,,
176,GT0901,GT,43,24,3,8,3,81,,,,,,,
177,GT0901,ND,41,22,7,2,0,72,,,,,,,
178,GT0908,SAM,28,29,9,3,2,71,,,,,,,
179,GT0908,GT,55,12,2,12,9,90,,,,,,,
180,GT1020,ARMY,33,28,7,3,1,72,,,,,,,
181,GT1020,GT,51,25,4,7,4,91,,,,,,,
182,GT1124,GA,39,29,6,6,3,83,,,,,,,
183,GT1124,GT,39,32,4,4,2,81,,,,,,,
184,GT1231,GT,40,32,4,5,4,85,,,,,,,
185,GT1231,FRESNO,42,31,2,7,4,86,,,,,,,
186,GTBC0915,BC,33,44,7,5,3,92,,,,,,,
187,GTBC0915,GT,28,39,10,3,1,81,,,,,,,
188,GTCU0929,CU,32,39,6,2,0,79,,,,,,,
189,GTCU0929,GT,46,16,7,4,1,74,,,,,,,
190,GTNC1117,NC,35,35,7,7,1,85,,,,,,,
191,GTNC1117,GT,44,26,5,6,3,84,,,,,,,
192,GTVT1101,VT,46,33,7,5,3,94,,,,,,,
193,GTVT1101,GT,26,29,6,2,0,63,,,,,,,
194,MDGT1006,GT,43,34,3,6,2,88,,,,,,,
195,MDGT1006,MD,35,17,5,5,4,66,,,,,,,
196,UMGT1013,GT,50,29,4,4,2,89,,,,,,,
197,UMGT1013,UM,38,18,7,3,2,68,,,,,,,
198,VAGT0922,GT,31,40,8,6,2,87,,,,,,,
199,VAGT0922,VA,42,35,9,5,4,95,,,,,,,
200,CU1018,GT,52,12,7,4,3,78,,,,,,,
201,CU1018,CU,24,32,6,4,2,68,,,,,,,
202,FB1208,GT,56,6,4,8,2,76,,,,,,,
203,FB1208,GA,22,40,4,7,6,79,,,,,,,
204,GT082808,JSU,31,37,6,3,2,79,,,,,,,
205,GT082808,GT,46,15,1,7,6,75,,,,,,,
206,GT090608,GT,40,13,4,4,2,63,,,,,,,
207,GT090608,BC,41,36,3,6,1,87,,,,,,,
208,GT091308,GT,50,9,2,4,1,66,,,,,,,
209,GT091308,VT,46,15,6,5,2,74,,,,,,,
210,GT100408,DU,20,29,8,1,0,58,,,,,,,
211,GT100408,GT,59,14,3,6,3,85,,,,,,,
212,GT101108,GWU,44,24,10,2,1,81,,,,,,,
213,GT101108,GT,47,11,7,3,1,69,,,,,,,
214,GT102508,VA,36,39,1,5,3,84,,,,,,,
215,GT102508,GT,41,15,3,4,2,65,,,,,,,
216,GT110108,FS,36,29,3,6,2,76,,,,,,,
217,GT110108,GT,45,6,3,6,4,64,,,,,,,
218,GT110808,GT,54,23,4,1,1,83,,,,,,,
219,GT110808,NC,42,19,6,5,4,76,,,,,,,
220,GT112008,UM,25,38,5,4,2,74,,,,,,,
221,GT112008,GT,56,7,3,7,5,78,,,,,,,
222,GT123108,LSU,35,27,4,6,5,77,,,,,,,
223,GT123108,GT,40,25,3,2,0,70,,,,,,,
224,103109VU,GT,69,13,3,9,8,102,,,,,,,
225,103109VU,VU,29,24,4,6,4,67,,,,,,,
226,112809GA,GA,44,14,0,7,3,68,,,,,,,
227,112809GA,GT,51,13,0,5,3,72,,,,,,,
228,11709WF,WF,25,40,7,5,3,80,,,,,,,
229,11709WF,GT,62,14,1,5,3,85,,,,,,,
230,ACC2009,GT,65,18,0,9,3,95,,,,,,,
231,ACC2009,CU,34,17,0,6,4,61,,,,,,,
232,FS101009,GT,57,8,0,8,7,80,,,,,,,
233,FS101009,FS,30,36,1,6,5,78,,,,,,,
234,GT090509,JSU,33,38,7,3,2,83,,,,,,,
235,GT090509,GT,50,12,2,7,5,76,,,,,,,
236,GT091009,CU,36,32,6,6,3,83,,,,,,,
237,GT091009,GT,49,15,6,7,3,80,,,,,,,
238,GT091709,GT,39,15,3,4,2,63,,,,,,,
239,GT091709,UM,39,25,1,6,4,75,,,,,,,
240,GT092609,NC,18,26,5,2,1,52,,,,,,,
241,GT092609,GT,69,11,3,5,3,91,,,,,,,
242,GT101709,VT,31,14,4,4,2,55,,,,,,,
243,GT101709,GT,63,7,4,5,4,83,,,,,,,
244,MS1003,GT,54,14,3,7,6,84,,,,,,,
245,MS1003,MS,38,30,0,4,4,76,,,,,,,
246,OB2010,IOWA,40,29,4,5,3,81,,,,,,,
247,OB2010,GT,41,9,7,3,2,62,,,,,,,
248,VA1024,GT,71,8,2,6,4,91,,,,,,,
249,VA1024,VA,12,32,4,4,0,52,,,,,,,
250,GT090410,SCSU,39,25,6,2,1,73,,,,,,,
251,GT090410,GT,56,8,2,7,6,79,,,,,,,
252,GT091110,GT,52,15,4,5,2,78,,,,,,,
253,GT091110,KU,41,30,5,5,4,85,,,,,,,
254,GT091810,GT,63,4,1,6,3,77,,,,,,,
255,GT091810,NC,32,25,2,5,3,67,,,,,,,
256,GT092510,ST,40,41,3,8,6,98,,,,,,,
257,GT092510,GT,48,18,4,5,4,79,,,,,,,
258,GT100210,GT,48,21,5,6,1,81,,,,,,,
259,GT100210,WF,43,23,8,5,2,81,,,,,,,
260,GT100910,VA,28,31,4,3,3,69,,,,,,,
261,GT100910,GT,74,6,2,7,3,92,,,,,,,
262,GT101610,MT,39,35,6,3,2,85,,,,,,,
263,GT101610,GT,57,14,5,7,6,89,,,,,,,
264,GT102310,GT,49,19,3,4,1,76,,,,,,,
265,GT102310,CU,38,27,2,6,3,76,,,,,,,
266,GT110410,GT,51,10,4,4,3,72,,,,,,,
267,GT110410,VT,40,25,4,5,4,78,,,,,,,
268,GT111310,UM,46,18,3,6,5,78,,,,,,,
269,GT111310,GT,59,17,4,3,1,84,,,,,,,
270,GT112010,DU,25,43,4,5,2,79,,,,,,,
271,GT112010,GT,62,7,2,7,3,81,,,,,,,
272,GT112810,GT,77,15,2,6,5,105,,,,,,,
273,GT112810,GA,29,19,2,7,6,63,,,,,,,
274,IBOWL10,AF,49,23,4,3,0,79,,,,,,,
275,IBOWL10,GT,57,14,5,2,1,79,,,,,,,
276,GT100111,GT,52,12,2,8,6,80,,,,,,,
277,GT100111,ST,38,36,3,4,5,86,,,,,,,
278,GT100811,MD,41,24,4,4,1,74,,,,,,,
279,GT100811,GT,60,21,5,4,3,93,,,,,,,
280,GT101511,GT,53,8,4,4,3,72,,,,,,,
281,GT101511,VA,47,19,2,5,3,76,,,,,,,
282,GT102211,GT,48,14,5,2,1,70,,,,,,,
283,GT102211,UM,41,23,4,5,3,76,,,,,,,
284,GT102911,CU,24,41,3,4,2,74,,,,,,,
285,GT102911,GT,67,9,3,6,4,89,,,,,,,
286,GT111011,VT,52,13,2,7,4,78,,,,,,,
287,GT111011,GT,49,11,3,5,2,70,,,,,,,
288,GT111911,GT,58,13,2,6,5,84,,,,,,,
289,GT111911,DU,24,44,4,6,4,82,,,,,,,
290,GT123111,GT,57,15,5,5,3,85,,,,,,,
291,GT123111,UTAH,32,32,8,5,3,80,,,,,,,
292,2012SB,USC,22,37,8,2,1,70,,,,,,,
293,2012SB,GT,63,10,6,4,3,86,,,,,,,
294,ACC12,FS,37,21,3,4,3,68,,,,,,,
295,ACC12,GT,52,16,4,5,0,77,,,,,,,
296,GTBC12,BC,16,31,5,4,0,56,,,,,,,
297,GTBC12,GT,76,15,2,7,5,105,,,,,,,
298,GTBYU12,BYU,46,29,2,8,5,90,,,,,,,
299,GTBYU12,GT,35,12,6,4,2,59,,,,,,,
300,GTCU12,GT,46,14,1,7,4,72,,,,,,,
301,GTCU12,CU,51,42,1,9,4,107,,,,,,,
302,GTDU12,DU,22,36,2,5,3,68,,,,,,,
303,GTDU12,GT,72,14,2,7,6,101,,,,,,,
304,GTMD12,GT,56,4,2,6,5,73,,,,,,,
305,GTMD12,MD,44,18,5,2,1,70,,,,,,,
306,GTMT12,MT,44,23,2,8,7,84,,,,,,,
307,GTMT12,GT,53,26,2,5,4,90,,,,,,,
308,GTNC12,GT,67,12,2,12,8,101,,,,,,,
309,GTNC12,NC,34,35,3,8,6,86,,,,,,,
310,GTPC12,PC,30,35,9,2,0,76,,,,,,,
311,GTPC12,GT,58,14,3,9,8,92,,,,,,,
312,GTUGA12,GT,67,21,2,3,1,94,,,,,,,
313,GTUGA12,GA,31,18,4,7,6,66,,,,,,,
314,GTUM12,UM,32,52,3,7,4,98,,,,,,,
315,GTUM12,GT,58,8,5,7,4,82,,,,,,,
316,GTVA12,VA,28,33,5,3,2,71,,,,,,,
317,GTVA12,GT,50,12,3,8,8,81,,,,,,,
318,GTVT12,GT,55,16,7,4,2,84,,,,,,,
319,GTVT12,VT,35,38,6,3,2,84,,,,,,,
320,GTAL13,AAMU,30,31,4,2,1,68,,,,,,,
321,GTAL13,GT,52,6,2,11,9,80,,,,,,,
322,GTBYU13,GT,52,24,5,5,2,88,,,,,,,
323,GTBYU13,BYU,42,27,6,7,5,87,,,,,,,
324,GTCU13,GT,45,26,6,5,4,86,,,,,,,
325,GTCU13,CU,37,30,3,10,7,87,,,,,,,
326,GTDU13,GT,60,16,2,7,5,90,,,,,,,
327,GTDU13,DU,34,28,9,2,2,75,,,,,,,
328,GTEL13,ELON,34,35,7,1,0,77,,,,,,,
329,GTEL13,GT,50,11,1,11,10,83,,,,,,,
330,GTGA13,UGA,37,36,3,6,5,87,,,,,,,
331,GTGA13,GT,58,24,2,6,4,94,,,,,,,
332,GTMIA13,GT,62,19,4,6,4,95,,,,,,,
333,GTMIA13,UM,31,22,1,8,6,68,,,,,,,
334,GTMISS13,MISS,48,36,5,5,3,97,,,,,,,
335,GTMISS13,GT,49,17,6,5,2,79,,,,,,,
336,GTNC13,NC,24,29,5,4,2,64,,,,,,,
337,GTNC13,GT,71,12,4,5,4,96,,,,,,,
338,GTSU13,SU,26,29,8,1,0,64,,,,,,,
339,GTSU13,GT,67,5,3,9,8,92,,,,,,,
340,GTUP13,UP,21,37,7,3,1,69,,,,,,,
341,GTUP13,GT,53,10,4,4,3,74,,,,,,,
342,GTVA13,GT,52,9,2,6,5,74,,,,,,,
343,GTVA13,VA,31,62,5,5,2,105,,,,,,,
344,GTVT13,VT,27,25,6,4,2,64,,,,,,,
345,GTVT13,GT,42,24,4,3,1,74,,,,,,,
346,ACC14,FS,33,30,2,8,4,77,,,,,,,
347,ACC14,GT,59,14,2,5,5,85,,,,,,,
348,GTCU14,CU,33,21,6,3,0,63,,,,,,,
349,GTCU14,GT,50,11,1,7,1,70,,,,,,,
350,GTDU14,DU,47,26,3,6,4,86,,,,,,,
351,GTDU14,GT,46,26,1,4,1,78,,,,,,,
352,GTGS14,GSU,38,22,3,7,3,73,,,,,,,
353,GTGS14,GT,53,24,5,7,6,95,,,,,,,
354,GTNC14,GT,51,18,2,7,4,82,,,,,,,
355,GTNC14,NC,41,47,3,8,6,105,,,,,,,
356,GTNCST14,GT,64,8,0,9,8,89,,,,,,,
357,GTNCST14,ST,28,35,4,4,3,74,,,,,,,
358,GTPIT14,GT,64,12,2,9,8,95,,,,,,,
359,GTPIT14,UP,31,35,2,5,4,77,,,,,,,
360,GTTUL14,GT,57,8,1,6,5,77,,,,,,,
361,GTTUL14,TLN,25,35,2,4,3,69,,,,,,,
362,GTUGA14,GT,70,16,3,3,4,96,,,,,,,
363,GTUGA14,UGA,39,28,1,5,3,76,,,,,,,
364,GTUM14,UM,19,25,2,4,2,52,,,,,,,
365,GTUM14,GT,65,7,3,5,4,84,,,,,,,
366,GTVA14,VA,16,41,5,3,1,66,,,,,,,
367,GTVA14,GT,63,13,3,6,5,90,,,,,,,
368,GTVT14,GT,44,18,4,5,3,74,,,,,,,
369,GTVT14,VT,33,39,3,6,1,82,,,,,,,
370,GTWOF14,WOF,47,13,4,5,2,71,,,,,,,
371,GTWOF14,GT,43,16,2,6,5,72,,,,,,,
372,OB14,MS,33,51,1,4,4,93,,,,,,,
373,OB14,GT,61,12,3,8,7,91,,,,,,,
374,GTASU15,ASU,39,28,8,2,1,78,,,,,,,
375,GTASU15,GT,52,5,2,11,10,80,,,,,,,
376,GTCU15,GT,42,14,8,6,3,73,,,,,,,
377,GTCU15,CU,41,33,3,8,5,90,,,,,,,
378,GTDU15,GT,60,22,5,5,2,94,,,,,,,
379,GTDU15,DU,36,25,7,6,2,76,,,,,,,
380,GTFS15,FS,24,31,4,4,1,64,,,,,,,
381,GTFS15,GT,49,10,3,5,1,68,,,,,,,
382,GTGA15,UGA,34,25,5,4,1,69,,,,,,,
383,GTGA15,GT,41,18,4,2,1,66,,,,,,,
384,GTNC15,NC,31,26,3,6,5,71,,,,,,,
385,GTNC15,GT,59,21,1,5,4,90,,,,,,,
386,GTND15,GT,47,24,7,2,2,82,,,,,,,
387,GTND15,ND,32,30,5,6,4,77,,,,,,,
388,GTTLN15,TLN,33,33,5,4,1,76,,,,,,,
389,GTTLN15,GT,56,10,1,10,9,86,,,,,,,
390,GTUM15,GT,57,9,4,3,3,76,,,,,,,
391,GTUM15,UM,28,26,6,6,5,71,,,,,,,
392,GTUP15,UP,43,23,4,6,4,80,,,,,,,
393,GTUP15,GT,40,15,3,5,4,67,,,,,,,
394,GTVA15,GT,33,31,4,3,3,74,,,,,,,
395,GTVA15,VA,42,28,5,6,3,84,,,,,,,
396,GTVT15,VT,39,29,5,5,3,81,,,,,,,
397,GTVT15,GT,47,13,5,4,3,72,,,,,,,
398,GT090316,GT,44,15,5,4,2,70,,,,,,,
399,GT090316,BC,37,17,3,3,2,62,,,,,,,
400,GT091016,MER,28,40,4,3,1,76,,,,,,,
401,GT091016,GT,52,10,1,6,5,74,,,,,,,
402,GT091716,VANDY,30,31,8,2,1,72,,,,,,,
403,GT091716,GT,46,17,4,7,5,79,,,,,,,
404,GT092216,CU,34,48,6,5,3,96,,,,,,,
405,GT092216,GT,38,14,8,3,1,64,,,,,,,
406,GT100116,UM,27,19,6,6,5,63,,,,,,,
407,GT100116,GT,54,19,5,4,3,85,,,,,,,
408,GT100816,GT,45,10,1,7,4,67,,,,,,,
409,GT100816,UP,42,20,1,7,4,74,,,,,,,
410,GT101516,GS,50,33,3,4,3,93,,,,,,,
411,GT101516,GT,44,11,2,6,5,68,,,,,,,
412,GT102916,DU,37,36,2,6,5,86,,,,,,,
413,GT102916,GT,47,14,3,7,5,76,,,,,,,
414,GT110516,GT,59,9,2,5,2,77,,,,,,,
415,GT110516,NC,35,35,1,9,6,86,,,,,,,
416,GT111216,GT,58,7,6,7,3,81,,,,,,,
417,GT111216,VT,33,47,4,2,2,88,,,,,,,
418,GT111916,VA,42,46,4,4,2,98,,,,,,,
419,GT111916,GT,31,10,5,6,4,56,,,,,,,
420,GT112616,GT,42,10,3,5,4,64,,,,,,,
421,GT112616,UGA,42,28,2,6,3,81,,,,,,,
422,GT090417,UT,22,37,6,5,6,76,,,,,,,
423,GT090417,GT,86,10,3,5,5,109,,,,,,,
424,GT090917,JSU,38,14,5,3,1,61,,,,,,,
425,GT090917,GT,49,7,3,7,5,71,,,,,,,
426,GT092317,UP,20,35,7,3,2,67,,,,,,,
427,GT092317,GT,67,7,4,6,5,89,,,,,,,
428,GT093017,NC,26,32,6,1,1,66,,,,,,,
429,GT093017,GT,66,10,3,7,4,90,,,,,,,
430,GT101417,GT,53,8,6,5,3,75,,,,,,,
431,GT101417,UM,36,38,6,6,1,87,,,,,,,
432,GT102117,WF,31,30,3,5,3,72,,,,,,,
433,GT102117,GT,66,11,2,7,3,89,,,,,,,
434,GT102817,GT,43,13,9,3,1,69,,,,,,,
435,GT102817,CU,45,33,7,5,3,93,,,,,,,
436,GT110417,GT,52,22,9,6,4,93,,,,,,,
437,GT110417,VA,25,43,9,8,3,88,,,,,,,
438,GT111117,VT,36,26,5,5,1,73,,,,,,,
439,GT111117,GT,57,8,3,5,4,77,,,,,,,
440,GT111817,GT,47,14,3,4,3,71,,,,,,,
441,GT111817,DU,51,28,1,9,5,94,,,,,,,
442,GT112517,UGA,43,17,2,6,5,73,,,,,,,
443,GT112517,GT,46,9,5,2,1,63,,,,,,,
444,GT090118,ALCN,28,23,9,1,0,61,,,,,,,
445,GT090118,GT,54,18,1,7,6,86,,,,,,,
446,GT090818,GT,57,18,2,7,5,89,,,,,,,
447,GT090818,USF,44,31,3,8,7,93,,,,,,,
448,GT091518,GT,56,15,4,3,2,80,,,,,,,
449,GT091518,UP,31,23,6,5,3,68,,,,,,,
450,GT092218,CU,36,30,3,8,7,84,,,,,,,
451,GT092218,GT,56,8,6,4,3,77,,,,,,,
452,GT102518,GT,78,1,2,8,7,96,,,,,,,
453,GT102518,VT,25,22,4,5,4,60,,,,,,,
454,GT110318,GT,74,2,1,7,5,89,,,,,,,
455,GT110318,NC,36,31,3,6,2,78,,,,,,,
456,GT111018,UM,30,23,4,4,3,64,,,,,,,
457,GT111018,GT,53,4,3,6,3,69,,,,,,,
458,GT111718,VA,33,28,2,7,3,73,,,,,,,
459,GT111718,GT,52,8,3,6,0,69,,,,,,,
460,GT112418,GT,46,14,4,4,3,71,,,,,,,
461,GT112418,UGA,42,19,1,7,6,75,,,,,,,
462,GT122618,MINN,43,13,0,7,4,67,,,,,,,
463,GT122618,GT,44,12,4,2,1,63,,,,,,,
464,GT082919,GT,45,18,8,3,2,76,,,,,,,
465,GT082919,CU,49,30,3,9,7,98,,,,,,,
466,GT090719,USF,30,25,7,3,1,66,,,,,,,
467,GT090719,GT,49,21,6,3,2,81,,,,,,,
468,GT091419,CIT,71,4,3,5,3,86,,,,,,,
469,GT091419,GT,33,13,4,4,2,56,,,,,,,
470,GT092819,GT,35,35,6,1,0,77,,,,,,,
471,GT092819,TEM,49,22,4,6,3,84,,,,,,,
472,GT100519,NC,46,51,4,7,5,113,,,,,,,
473,GT100519,GT,29,24,7,3,2,65,,,,,,,
474,GT101219,GT,40,35,6,5,2,88,,,,,,,
475,GT101219,DU,55,20,5,8,5,93,,,,,,,
476,GT101919,GT,45,19,6,4,4,78,,,,,,,
477,GT101919,UM,32,31,3,4,3,73,,,,,,,
478,GT110219,UP,36,34,4,5,2,81,,,,,,,
479,GT110219,GT,29,21,8,3,1,62,,,,,,,
480,GT110919,GT,32,22,4,5,4,67,,,,,,,
481,GT110919,VA,37,35,3,7,3,85,,,,,,,
482,GT111619,VT,45,16,4,8,6,79,,,,,,,
483,GT111619,GT,31,25,9,0,0,65,,,,,,,
484,GT112119,ST,49,31,3,6,2,91,,,,,,,
485,GT112119,GT,43,15,4,5,4,71,,,,,,,
486,GT113019,UGA,40,32,4,9,7,92,,,,,,,
487,GT113019,GT,37,21,13,1,1,73,,,,,,,
488,GT091220,GT,40,34,3,4,2,83,,,,,,,
489,GT091220,FSU,35,45,3,4,1,88,,,,,,,
490,GT091920,UCF,51,41,3,8,7,110,,,,,,,
491,GT091920,GT,44,37,4,3,3,91,,,,,,,
492,GT092620,GT,52,32,7,4,2,97,,,,,,,
493,GT092620,SU,41,24,6,7,5,83,,,,,,,
494,GT100920,LOU,48,33,4,5,3,93,,,,,,,
495,GT100920,GT,34,22,5,8,5,74,,,,,,,
496,GT101720,CU,39,49,4,12,10,114,,,,,,,
497,GT101720,GT,44,14,9,2,1,70,,,,,,,
498,GT102420,GT,33,32,4,4,4,77,,,,,,,
499,GT102420,BC,44,21,3,9,6,83,,,,,,,
500,GT103120,ND,44,26,3,6,4,83,,,,,,,
501,GT103120,GT,33,26,4,2,1,66,,,,,,,
502,GT112820,DU,40,47,6,6,4,103,,,,,,,
503,GT112820,GT,48,23,3,10,8,92,,,,,,,
504,GT120520,GT,51,27,4,4,1,87,,,,,,,
505,GT120520,ST,32,36,3,6,2,79,,,,,,,
506,GT121020,UP,54,34,2,8,2,100,,,,,,,
507,GT121020,GT,29,36,5,4,2,76,,,,,,,
508,GT090821,HUSKIES,42,17,7,4,2,72,,,,,,,
509,GT090821,GT,51,27,3,4,3,88,,,,,,,
510,GT091121,KSU,43,20,7,3,2,75,,,,,,,
511,GT091121,GT,36,23,3,8,6,76,,,,,,,
512,GT091821,GT,38,34,7,1,0,80,,,,,,,
513,GT091821,CLEMSON,41,25,4,4,2,76,,,,,,,
514,GT092521,UNC,35,39,4,4,2,84,,,,,,,
515,GT092521,GT,43,19,4,9,4,79,,,,,,,
516,GT100221,PITT,41,37,4,9,7,98,,,,,,,
517,GT100221,GT,31,33,4,4,3,75,,,,,,,
518,GT100921,GT,39,25,6,6,4,80,,,,,,,
519,GT100921,DUKE,62,29,5,6,3,105,,,,,,,
520,GT102321,GT,34,44,4,6,3,91,,,,,,,
521,GT102321,UVA,30,43,2,9,6,90,,,,,,,
522,GT103021,VIS,53,25,4,7,2,91,,,,,,,
523,GT103021,GT,30,26,5,4,2,67,,,,,,,
524,GT110621,GT,32,38,8,5,4,87,,,,,,,
525,GT110621,UM,42,34,2,7,3,88,,,,,,,
526,GT111321,BC,38,20,2,8,5,73,,,,,,,
527,GT111321,GT,40,29,1,6,4,80,,,,,,,
528,GT112021,GT,35,28,10,1,0,74,,,,,,,
529,GT112021,ND,33,26,3,10,7,79,,,,,,,
530,GT112721,BULLDOGS,31,20,1,8,6,66,,,,,,,
531,GT112721,GT,35,16,7,1,0,59,,,,,,,
Total,,,21937,14023,2477,2725,1622,42784,,,,,,,
,,,0.512738407,0.327762715,0.057895475,0.063692034,0.037911369,1,,,,,,,
